{"cameraMode":{"drawMode":0,"name":"Shaded","section":"Shading Mode"},"sceneLighting":true,"audioPlay":false,"sceneViewState":{"m_AlwaysRefresh":false,"showFog":true,"showSkybox":true,"showFlares":true,"showImageEffects":true,"showParticleSystems":true,"showVisualEffectGraphs":true,"m_FxEnabled":false},"in2DMode":false,"pivot":{"x":10.331751823425293,"y":5.632035255432129,"z":4.000743389129639},"rotation":{"x":-0.19847282767295838,"y":0.010877201333642006,"z":-0.0022020440082997085,"w":-0.9800590872764587},"size":15.065919876098633,"orthographic":false}